
## QUESTION 1

CREATE TABLE PRUEBAESTUDIANTE (
EID INT(3) PRIMARY KEY,
NOMBRE VARCHAR(30) NOT NULL,
ESPECIALIDAD VARCHAR(40) NOT NULL,
GRADO VARCHAR(2)
);

CREATE TABLE PRUEBAINSCRIPCION (
EID INT(3) NOT NULL,
NOMBRECLASE VARCHAR(5) NOT NULL,
POSICION INT(2),
FOREIGN KEY (EID) REFERENCES PRUEBAESTUDIANTE(EID),
FOREIGN KEY (NOMBRECLASE) REFERENCES PRUEBACLASE(NOMBRE)
);

CREATE TABLE PRUEBACLASE (
NOMBRE VARCHAR(5) PRIMARY KEY,
HORARIO VARCHAR(5) NOT NULL,
AULA VARCHAR(5) NOT NULL
);

INSERT INTO PRUEBAESTUDIANTE (EID, NOMBRE, ESPECIALIDAD, GRADO) VALUES (100, 'JONES', 'HISTORIA', 'GR');
INSERT INTO PRUEBAESTUDIANTE (EID, NOMBRE, ESPECIALIDAD, GRADO) VALUES (150, 'PARKS', 'CONTABILIDAD', 'SO');
INSERT INTO PRUEBAESTUDIANTE (EID, NOMBRE, ESPECIALIDAD, GRADO) VALUES (200, 'BAKER', 'MATEMATICAS', 'GR');
INSERT INTO PRUEBAESTUDIANTE (EID, NOMBRE, ESPECIALIDAD, GRADO) VALUES (250, 'GLASS', 'HISTORIA', 'SN');
INSERT INTO PRUEBAESTUDIANTE (EID, NOMBRE, ESPECIALIDAD, GRADO) VALUES (300, 'BAKER', 'CONTABILIDAD', 'SN');
INSERT INTO PRUEBAESTUDIANTE (EID, NOMBRE, ESPECIALIDAD, GRADO) VALUES (350, 'RUSSELL', 'MATEMATICAS', 'JR');
INSERT INTO PRUEBAESTUDIANTE (EID, NOMBRE, ESPECIALIDAD, GRADO) VALUES (400, 'REY', 'CONTABILIDAD', 'FR');
INSERT INTO PRUEBAESTUDIANTE (EID, NOMBRE, ESPECIALIDAD, GRADO) VALUES (450, 'JONES', 'HISTORIA', 'SN');

INSERT INTO PRUEBACLASE (NOMBRE, HORARIO, AULA) VALUES ('BA200', 'M-F9', 'SC110');
INSERT INTO PRUEBACLASE (NOMBRE, HORARIO, AULA) VALUES ('BD445', 'MWF3', 'SC213');
INSERT INTO PRUEBACLASE (NOMBRE, HORARIO, AULA) VALUES ('BF410', 'MWF8', 'SC213');
INSERT INTO PRUEBACLASE (NOMBRE, HORARIO, AULA) VALUES ('CS150', 'MWF3', 'EA304');
INSERT INTO PRUEBACLASE (NOMBRE, HORARIO, AULA) VALUES ('CS250', 'MWF12', 'EB210');

INSERT INTO PRUEBAINSCRIPCION (EID, NOMBRECLASE, POSICION) VALUES (100, 'BD445', 1);
INSERT INTO PRUEBAINSCRIPCION (EID, NOMBRECLASE, POSICION) VALUES (150, 'BA200', 1);
INSERT INTO PRUEBAINSCRIPCION (EID, NOMBRECLASE, POSICION) VALUES (200, 'BD445', 2);
INSERT INTO PRUEBAINSCRIPCION (EID, NOMBRECLASE, POSICION) VALUES (200, 'CS250', 1);
INSERT INTO PRUEBAINSCRIPCION (EID, NOMBRECLASE, POSICION) VALUES (300, 'CS150', 1);
INSERT INTO PRUEBAINSCRIPCION (EID, NOMBRECLASE, POSICION) VALUES (400, 'BA200', 2);
INSERT INTO PRUEBAINSCRIPCION (EID, NOMBRECLASE, POSICION) VALUES (400, 'BF410', 1);
INSERT INTO PRUEBAINSCRIPCION (EID, NOMBRECLASE, POSICION) VALUES (400, 'CS250', 2);
INSERT INTO PRUEBAINSCRIPCION (EID, NOMBRECLASE, POSICION) VALUES (450, 'BA200', 3);

## QUESTION 2
SELECT PE.ESPECIALIDAD, COUNT(PE.ESPECIALIDAD) 
FROM PRUEBAESTUDIANTE PE 
GROUP BY PE.ESPECIALIDAD 
ORDER BY PE.ESPECIALIDAD ASC;

## QUESTION 3
SELECT PI.EID, PI.NOMBRECLASE, PI.POSICION, PC.NOMBRE, PC.HORARIO, PC.AULA 
FROM PRUEBACLASE PC 
JOIN PRUEBAINSCRIPCION PI 
ON PC.NOMBRE = PI.NOMBRECLASE 
WHERE PC.HORARIO = 'M-F9';

## QUESTION 3
SELECT PE.EID, PE.NOMBRE, PE.GRADO 
FROM PRUEBAESTUDIANTE PE
LEFT OUTER JOIN PRUEBAINSCRIPCION PI 
ON PE.EID = PI.EID
WHERE PI.EID IS NULL;


